timestamp,request_rate,error_rate,cpu,memory,p95
2026-07-26 07:08:15+00:00,1.491090603994806,0.0,0.0,5.919270833333333,0.0039000427307937
2026-07-26 07:08:30+00:00,1.472691675056293,0.0,0.0,5.919270833333333,0.0059496337828504
2026-07-26 07:08:45+00:00,1.490844644056171,0.0,0.0,5.919270833333333,0.0058997500272697
2026-07-26 07:09:00+00:00,1.4733352130254616,0.0,0.0,5.919270833333333,0.0019899075132164
2026-07-26 07:09:15+00:00,1.508789482710151,0.0,0.0,5.919270833333333,0.0009856256638
2026-07-26 07:09:30+00:00,1.490602046826874,0.0,0.0,5.919270833333333,0.0009737499244478
2026-07-26 07:09:45+00:00,1.5090443037408898,0.0,0.0,5.919270833333333,0.000998100070267
2026-07-26 07:10:00+00:00,1.4908819842884782,0.0,0.0,5.919270833333333,0.0018999836370908
2026-07-26 07:10:15+00:00,1.5089520851303668,0.0,0.0,5.919270833333333,0.0009981006320818
2026-07-26 07:10:30+00:00,1.4907196938149987,0.0,0.0,5.919270833333333,0.0019799999637291
2026-07-26 07:10:45+00:00,1.49037117352498,0.0,0.0,5.919270833333333,0.003966683815878
2026-07-26 07:11:00+00:00,1.4904394869134574,0.0,0.0,5.919270833333333,0.0048999700098149
2026-07-26 07:11:15+00:00,1.4905653718803258,0.0,0.0,5.919270833333333,0.0049499686428952
2026-07-26 07:11:30+00:00,1.5086986174977834,0.0,0.0,5.919270833333333,0.004850176310198
2026-07-26 07:11:45+00:00,1.4907824901989095,0.0,0.0,5.919270833333333,0.0019749985228414
2026-07-26 07:12:00+00:00,1.5089167150988316,0.0,0.0,5.919270833333333,0.0009981011274697
2026-07-26 07:12:15+00:00,1.472718347269719,0.0,0.0,5.919270833333333,0.0009740507823611
2026-07-26 07:12:30+00:00,1.5090727276032998,0.0,0.0,5.919270833333333,0.0009615852939272
2026-07-26 07:12:45+00:00,1.472718347594287,0.0,0.0,5.919270833333333,0.0009618748542605
2026-07-26 07:13:00+00:00,1.5272634712426716,0.0,0.0,5.919270833333333,0.0009614456427259
2026-07-26 07:13:15+00:00,1.4727272727272729,0.0,0.0,5.919270833333333,0.00095
2026-07-26 07:13:30+00:00,1.5272264477955904,0.0,0.0,5.919270833333333,0.00095
2026-07-26 07:13:45+00:00,1.4727272730518408,0.0,0.0,5.919270833333333,0.00095
2026-07-26 07:14:00+00:00,1.5272727286190833,0.0,0.0,5.919270833333333,0.0009499999999999
2026-07-26 07:14:15+00:00,1.472718347269719,0.0,0.0,5.919270833333333,0.00095
2026-07-26 07:14:30+00:00,1.5272634719158311,0.0,0.0,5.919270833333333,0.00095
2026-07-26 07:14:45+00:00,1.4727629761803451,0.0,0.0,5.919270833333333,0.000961875145743
2026-07-26 07:15:00+00:00,1.5273560379386952,0.0,0.0,5.919270833333333,0.0017999963631735
2026-07-26 07:15:15+00:00,1.4727451259143738,0.0,0.0,5.919270833333333,0.0019500218189752
2026-07-26 07:15:30+00:00,1.527244959519131,0.0,0.0,5.919270833333333,0.0024666680807756
2026-07-26 07:15:45+00:00,1.4726023254083809,0.0,0.0,5.919270833333333,0.0029833071740065
2026-07-26 07:16:00+00:00,1.5272542168955427,0.0,0.0056957524776876,5.9609375,0.0026000096968521
2026-07-26 07:16:15+00:00,18.830958824146915,0.0,0.0854332951522093,6.2109375,0.2525873342847202
2026-07-26 07:16:30+00:00,34.105523531926195,0.0,0.1708665903044187,6.2109375,0.3460155669894416
2026-07-26 07:16:45+00:00,46.695881797872794,0.0,0.2562998854566281,6.3359375,0.5246442114342248
2026-07-26 07:17:00+00:00,58.147007316931685,0.0,0.3333272728374635,6.419270833333334,0.6451730637879453
2026-07-26 07:17:15+00:00,54.27314513156438,0.0,0.3333393940495888,6.7109375,0.909872538277512
2026-07-26 07:17:30+00:00,51.10909224578212,0.0,0.3272786777941417,7.044270833333334,1.457128328413643
2026-07-26 07:17:45+00:00,49.09293769555892,0.0,0.3273024820438221,7.419270833333334,2.0500418410727277
2026-07-26 07:18:00+00:00,47.895263205745984,0.0,0.3273024820438222,7.877604166666667,2.724074074074072
2026-07-26 07:18:15+00:00,48.36578007056014,0.0,0.3272667769676915,8.0859375,3.1777315917608666
2026-07-26 07:18:30+00:00,48.998949158816266,0.0,0.3272667769676915,8.0859375,3.356961030236067
2026-07-26 07:18:45+00:00,50.031816625641554,0.0,0.3390384896654501,8.0859375,3.252615096937485
2026-07-26 07:19:00+00:00,50.75810177477551,0.0,0.3390324271069168,8.0859375,2.7855095709456985
2026-07-26 07:19:15+00:00,49.59999837556621,0.0,0.3451344411523191,8.294270833333334,2.2858407277309425
2026-07-26 07:19:30+00:00,48.49027637979218,0.0,0.3451284770324258,8.794270833333334,2.5114535794566155
2026-07-26 07:19:45+00:00,48.0541709159007,0.0,0.3393877687072356,9.794270833333334,3.2834514591744153
2026-07-26 07:20:00+00:00,47.99999670779865,0.0,0.3393877687072356,10.169270833333334,3.818735180175389
2026-07-26 07:20:15+00:00,48.94623540063242,0.0025892762007572,0.3272727272727272,10.252604166666666,4.086734052097953
2026-07-26 07:20:30+00:00,50.219094892634416,0.0025892762007572,0.3333393940495888,10.252604166666666,4.031818181818181
2026-07-26 07:20:45+00:00,49.43637654280391,0.0025892762007572,0.3333272728374635,10.669270833333332,3.683729105737184
2026-07-26 07:21:00+00:00,46.81732829328825,0.0025892762007572,0.3333333333333333,11.002604166666666,4.531272405280073
2026-07-26 07:21:15+00:00,47.17534574499031,0.0025892762007572,0.3454419839278572,11.252604166666666,5.769679243038271
2026-07-26 07:21:30+00:00,50.26106401190533,0.0019669301067041,0.3333272728374635,11.377604166666666,5.810519203943037
2026-07-26 07:21:45+00:00,51.9835489121892,0.0017897489099322,0.3272667769676915,11.377604166666666,5.724201623628291
2026-07-26 07:22:00+00:00,53.65413091662796,0.0016943539920598,0.3272727272727272,11.377604166666666,4.5272348886585885
2026-07-26 07:22:15+00:00,50.83543935564808,0.0,0.3272667769676915,11.377604166666666,1.987272727272724
2026-07-26 07:22:30+00:00,47.545090585129856,0.0,0.3333333333333333,11.419270833333332,2.0883400059392843
2026-07-26 07:22:45+00:00,47.90858943060539,0.0,0.3333333333333333,11.419270833333332,2.603049858552942
2026-07-26 07:23:00+00:00,47.85404992636497,0.0,0.3333333333333333,11.4609375,3.142704284845484
2026-07-26 07:23:15+00:00,47.98219306466729,0.0,0.3333393940495888,11.4609375,3.413708500874126
2026-07-26 07:23:30+00:00,48.380938528390395,0.0,0.3515087604467797,11.502604166666666,3.778164556962025
2026-07-26 07:23:45+00:00,48.78055408628584,0.0,0.3454422043015115,11.544270833333334,4.152681524671582
2026-07-26 07:24:00+00:00,49.217037720648,0.0,0.3454423144923456,11.544270833333334,4.120639308438014
2026-07-26 07:24:15+00:00,49.69025260677261,0.0,0.3333393940495888,11.544270833333334,3.950787193081661
2026-07-26 07:24:30+00:00,50.65507207569063,0.0,0.3333333333333333,11.544270833333334,3.4818601746804987
2026-07-26 07:24:45+00:00,50.854535882067616,0.0,0.3333393940495888,11.544270833333334,2.72248461424752
2026-07-26 07:25:00+00:00,50.87297918321872,0.0,0.3333333333333333,11.544270833333334,1.619370670288427
2026-07-26 07:25:15+00:00,52.96296069362481,0.0,0.3272608268790226,11.544270833333334,0.9310385158057266
2026-07-26 07:25:30+00:00,41.27131245865956,0.0,0.2363593389211105,11.5859375,0.7300028110354819
2026-07-26 07:25:45+00:00,27.925037614053444,0.0,0.1454333915066899,11.5859375,0.540692941309311
2026-07-26 07:26:00+00:00,14.161576497963932,0.0,0.0545375218150087,11.5859375,0.2866346153846154
2026-07-26 07:26:15+00:00,1.508843347725218,0.0,0.0,11.5859375,0.0014625186334219
2026-07-26 07:26:30+00:00,1.4724417083828858,0.0,0.0,11.5859375,0.001237497330043
2026-07-26 07:26:45+00:00,1.5089352231206636,0.0,0.0,11.5859375,0.0016166789884801
2026-07-26 07:27:00+00:00,1.4725577059089523,0.0,0.0,11.5859375,0.0014749754567766
2026-07-26 07:27:15+00:00,1.5272542155491866,0.0,0.0,11.5859375,0.0009851856274575
2026-07-26 07:27:30+00:00,1.4727004963546118,0.0,0.0,11.5859375,0.00095
2026-07-26 07:27:45+00:00,1.527254215212616,0.0,0.0,11.5859375,0.0009851854063253
2026-07-26 07:28:00+00:00,1.472700496679162,0.0,0.0,11.5390625,0.0009865382315845
2026-07-26 07:28:15+00:00,1.527235703825646,0.0,0.0,11.580729166666666,0.0009851851851851
2026-07-26 07:28:30+00:00,1.4727094218121657,0.0,0.0,11.580729166666666,0.0009865382315775
2026-07-26 07:28:45+00:00,1.5272634715792608,0.0,0.0,11.580729166666666,0.0009974998488627
2026-07-26 07:29:00+00:00,1.472718347269719,0.0,0.0,11.580729166666666,0.0013166707070217
2026-07-26 07:29:15+00:00,1.5272449591825603,0.0,0.0,11.580729166666666,0.0015599999999999
2026-07-26 07:29:30+00:00,1.4726826464131375,0.0,0.0,11.580729166666666,0.0013249959092396
2026-07-26 07:29:45+00:00,1.5272634712426716,0.0,0.0,11.580729166666666,0.0012999999999999
2026-07-26 07:30:00+00:00,1.472718347269719,0.0,0.0,11.580729166666666,0.0011900019636078
2026-07-26 07:30:15+00:00,1.527254215212616,0.0,0.0,11.580729166666666,0.0014666640404119
2026-07-26 07:30:30+00:00,1.4727272727272729,0.0,0.0,11.580729166666666,0.0014916666666666
2026-07-26 07:30:45+00:00,1.5272727272727271,0.0,0.0,11.580729166666666,0.0018285714285714
2026-07-26 07:31:00+00:00,1.4727451262389772,0.0,0.0,11.580729166666666,0.0018500183120384
2026-07-26 07:31:15+00:00,1.5272727282825127,0.0,0.0,11.580729166666666,0.0018285709832931
2026-07-26 07:31:30+00:00,1.472718347269719,0.0,0.0,11.580729166666666,0.0018250024999772
2026-07-26 07:31:45+00:00,1.5272264477955904,0.0,0.0,11.580729166666666,0.0017599994181945
2026-07-26 07:32:00+00:00,1.4726647961471309,0.0,0.0,11.580729166666666,0.0018250030301561
2026-07-26 07:32:15+00:00,1.5272727272727271,0.0,0.0,11.580729166666666,0.0015428571428571
2026-07-26 07:32:30+00:00,1.4726915712216084,0.0,0.0,11.580729166666666,0.0015642892206517
2026-07-26 07:32:45+00:00,1.527300497719091,0.0,0.0,11.580729166666666,0.0013000127271184
2026-07-26 07:33:00+00:00,1.4727004963546118,0.0,0.0,11.580729166666666,0.0009993506493506
2026-07-26 07:33:15+00:00,1.5272542155491866,0.0,0.0,11.580729166666666,0.0019333252527211
2026-07-26 07:33:30+00:00,1.4727272727272729,0.0,0.0,11.580729166666666,0.0019833333333333
2026-07-26 07:33:45+00:00,1.5273282674922763,0.0,0.0,11.580729166666666,0.0019500047727923
2026-07-26 07:34:00+00:00,1.472700496679162,0.0,0.0,11.580729166666666,0.0016499999999999
2026-07-26 07:34:15+00:00,1.527244959519131,0.0,0.0,11.580729166666666,0.001633337474621
2026-07-26 07:34:30+00:00,1.472682646088605,0.0,0.0,11.580729166666666,0.0014874961932683
2026-07-26 07:34:45+00:00,1.5090819839699443,0.0,0.0,11.580729166666666,0.0014625061363636
2026-07-26 07:35:00+00:00,1.4727540503982235,0.0,0.0,11.580729166666666,0.0013900022181565
2026-07-26 07:35:15+00:00,1.509108760979738,0.0,0.0,11.580729166666666,0.0009981011274383
2026-07-26 07:35:30+00:00,1.4909001654515373,0.0,0.0,11.580729166666666,0.0014833296970027
2026-07-26 07:35:45+00:00,1.509081983633355,0.0,0.0,11.580729166666666,0.001212498977282
2026-07-26 07:36:00+00:00,1.490873389727977,0.0,0.0,11.580729166666666,0.0011799957818488
2026-07-26 07:36:15+00:00,1.509099834873031,0.0,0.0,11.580729166666666,0.00136999738178
2026-07-26 07:36:30+00:00,1.4908909094214815,0.0,0.0,11.580729166666666,0.0016333251515151
2026-07-26 07:36:45+00:00,1.509099834873031,0.0,0.0,11.580729166666666,0.0019499981817961
2026-07-26 07:37:00+00:00,1.4908998348790352,0.0,0.0,11.580729166666666,0.0019800013090766
2026-07-26 07:37:15+00:00,1.5090819839699443,0.0,0.0,11.580729166666666,0.0018083320706917
2026-07-26 07:37:30+00:00,1.4909004963606285,0.0,0.0,11.580729166666666,0.0013166664646452
2026-07-26 07:37:45+00:00,1.509081983633355,0.0,0.0,11.580729166666666,0.0011699988727395
2026-07-26 07:38:00+00:00,1.4908730588309247,0.0,0.0,11.580729166666666,0.0009860759465995
2026-07-26 07:38:15+00:00,1.5090905788429751,0.0,0.0,11.580729166666666,0.0011700062181742
2026-07-26 07:38:30+00:00,1.4909457868009872,0.0,0.0,11.580729166666666,0.0013800060000733
2026-07-26 07:38:45+00:00,1.5091087613163272,0.0,0.0,11.580729166666666,0.001685003209049
2026-07-26 07:39:00+00:00,1.4908998352036034,0.0,0.0,11.580729166666666,0.001915381312492
2026-07-26 07:39:15+00:00,1.5090634719098148,0.0,0.0,11.580729166666666,0.0018722265206704
2026-07-26 07:39:30+00:00,1.4908459531959657,0.0,0.0,11.580729166666666,0.0017374990057292
2026-07-26 07:39:45+00:00,1.4908816537279963,0.0,0.0,11.580729166666666,0.0012999942424903
2026-07-26 07:40:00+00:00,1.4909001654515373,0.0,0.0,11.580729166666666,0.0012249980682081
2026-07-26 07:40:15+00:00,1.490891240318534,0.0,0.0,11.580729166666666,0.0012250031817024
2026-07-26 07:40:30+00:00,1.490855209538498,0.0,0.0,11.580729166666666,0.0013800011999389
2026-07-26 07:40:45+00:00,1.4910069656910472,0.0,0.0,11.580729166666666,0.0009860732643704
2026-07-26 07:41:00+00:00,1.5094199067506322,0.0,0.0,11.580729166666666,0.0009981015066516
2026-07-26 07:41:15+00:00,1.4913333485043114,0.0,0.0,11.580729166666666,0.0013799672973732
2026-07-26 07:41:30+00:00,1.5096577342595874,0.0,0.0,11.580729166666666,0.0014749935583594
2026-07-26 07:41:45+00:00,1.491152767423649,0.0,0.0,11.580729166666666,0.0013799934169739
2026-07-26 07:42:00+00:00,1.5093471510517704,0.0,0.0,11.580729166666666,0.0009981014153006
2026-07-26 07:42:15+00:00,1.4909358692292307,0.0,0.0,11.580729166666666,0.0009737502267128
2026-07-26 07:42:30+00:00,1.5091279352307023,0.0,0.0,11.580729166666666,0.0009981014042055
2026-07-26 07:42:45+00:00,1.472718347269719,0.0,0.0,11.580729166666666,0.0009865384615384
2026-07-26 07:43:00+00:00,1.5090819839699443,0.0,0.0,11.580729166666666,0.0009981020241562
2026-07-26 07:43:15+00:00,1.4727094218121657,0.0,0.0,11.580729166666666,0.000999350570693
2026-07-26 07:43:30+00:00,1.5272634712426716,0.0,0.0,11.580729166666666,0.0009731704440033
2026-07-26 07:43:45+00:00,1.4727094218121657,0.0,0.0,11.580729166666666,0.0009740504834607
2026-07-26 07:44:00+00:00,1.5272634712426716,0.0,0.0,11.580729166666666,0.0019000027272479
2026-07-26 07:44:15+00:00,1.4727094218121657,0.0,0.0,11.580729166666666,0.0019500118181818
2026-07-26 07:44:30+00:00,1.527244959519131,0.0,0.0,11.580729166666666,0.0016999990910247
2026-07-26 07:44:45+00:00,1.472754051047377,0.0,0.0,11.580729166666666,0.0014875047726404
2026-07-26 07:45:00+00:00,1.5272727276093163,0.0,0.0,11.580729166666666,0.0014500099999338
2026-07-26 07:45:15+00:00,1.4727183479188373,0.0,0.0,11.580729166666666,0.0019875063634628
2026-07-26 07:45:30+00:00,1.5272449591825603,0.0,0.0,11.580729166666666,0.0025999999999999
2026-07-26 07:45:45+00:00,1.4727094218121657,0.0,0.0,11.580729166666666,0.0026499999999999
2026-07-26 07:46:00+00:00,1.527235703825646,0.0,0.0,11.580729166666666,0.0019666709090137
2026-07-26 07:46:15+00:00,1.472700497328245,0.0,0.0,11.580729166666666,0.001589994872895
2026-07-26 07:46:30+00:00,1.5272079367451727,0.0,0.0,11.580729166666666,0.001360000436343
2026-07-26 07:46:45+00:00,1.4726826490093985,0.0,0.0,11.580729166666666,0.0009993498628154
2026-07-26 07:47:00+00:00,1.5272727272727271,0.0,0.0,11.580729166666666,0.0013599999999999
2026-07-26 07:47:15+00:00,1.472700496679162,0.0,0.0,11.580729166666666,0.0012374954546136
2026-07-26 07:47:30+00:00,1.5273745577416946,0.0,0.0,11.580729166666666,0.0014000145468147
2026-07-26 07:47:45+00:00,1.472718347594287,0.0,0.006060495869772,11.580729166666666,0.0011899960726844
2026-07-26 07:48:00+00:00,1.5272634715792608,0.0,0.006060495869772,11.580729166666666,0.0014000020779274
2026-07-26 07:48:15+00:00,1.472745124291516,0.0,0.006060716255447,11.580729166666666,0.0014937496164746
2026-07-26 07:48:30+00:00,1.5272542158857758,0.0,0.006060495869772,11.580729166666666,0.0014666672725895
2026-07-26 07:48:45+00:00,1.4727451246161016,0.0,0.0,11.580729166666666,0.0013900152001105
2026-07-26 07:49:00+00:00,1.527189430069568,0.0,0.0,11.580729166666666,0.0015428420049294
2026-07-26 07:49:15+00:00,1.4727272730518408,0.0,0.0,11.580729166666666,0.0013899963636852
2026-07-26 07:49:30+00:00,1.5272357034890751,0.0,0.0,11.580729166666666,0.0018000024241763
2026-07-26 07:49:45+00:00,1.472718347269719,0.0,0.0,11.580729166666666,0.001649985757662
2026-07-26 07:50:00+00:00,1.5272634712426716,0.0,0.0,11.4765625,0.0022999999999999
2026-07-26 07:50:15+00:00,1.472718347594287,0.0,0.0,11.4765625,0.002325
2026-07-26 07:50:30+00:00,1.5091001654575538,0.0,0.0,11.4765625,0.0021700009454648
2026-07-26 07:50:45+00:00,1.4727540523457907,0.0,0.0,11.4765625,0.0027374988067115
2026-07-26 07:51:00+00:00,1.5090449615324837,0.0,0.0,11.4765625,0.0027125049427626
2026-07-26 07:51:15+00:00,1.4909183476003036,0.0,0.0,11.4765625,0.0024500063635206
2026-07-26 07:51:30+00:00,1.5090723973673683,0.0,0.0,11.4765625,0.0028500145449256
2026-07-26 07:51:45+00:00,1.4909087606611569,0.0,0.0,11.4765625,0.0018166632323771
2026-07-26 07:52:00+00:00,1.5090079394316114,0.0,0.0,11.4765625,0.0017125030680423
2026-07-26 07:52:15+00:00,1.4908912399939835,0.0,0.0,11.4765625,0.0009987180963472
2026-07-26 07:52:30+00:00,1.50909124,0.0,0.0,11.41796875,0.0009856256639248
2026-07-26 07:52:45+00:00,1.4909180166912126,0.0,0.0,11.41796875,0.000986075725187
2026-07-26 07:53:00+00:00,1.5091094218241985,0.0,0.0,11.41796875,0.0009734569322866
2026-07-26 07:53:15+00:00,12.891030746013564,0.0,0.0666667768615076,11.41796875,0.1924022130658057
2026-07-26 07:53:30+00:00,28.745454545454542,0.0,0.1575757575757576,11.41796875,0.3459868421052632
2026-07-26 07:53:45+00:00,42.27195869166015,0.0,0.2545408265304267,11.41796875,0.5278169014084503
2026-07-26 07:54:00+00:00,54.888763391978394,0.0,0.3454418737450365,11.41796875,0.6725233135740549
2026-07-26 07:54:15+00:00,50.63622810163782,0.0,0.3393939393939393,11.41796875,0.879918643804091
2026-07-26 07:54:30+00:00,48.79962083334022,0.0,0.3333272728374635,11.459635416666666,1.3638061969696973
2026-07-26 07:54:45+00:00,48.10996498810621,0.0,0.3333333333333333,11.459635416666666,1.9128812354793272
2026-07-26 07:55:00+00:00,47.72468363530592,0.0,0.3333333333333333,11.501302083333334,2.4334308196840526
2026-07-26 07:55:15+00:00,46.59904171429885,0.0,0.3272727272727272,11.501302083333334,2.907945465458295
2026-07-26 07:55:30+00:00,46.41782215529965,0.0,0.3333272728374635,11.501302083333334,3.22763791520979
2026-07-26 07:55:45+00:00,46.34497257074665,0.0,0.3272727272727272,11.501302083333334,3.2453946953832964
2026-07-26 07:56:00+00:00,47.10788437362279,0.0,0.3272667769676915,11.501302083333334,3.031792979469692
2026-07-26 07:56:15+00:00,47.572280924090634,0.0,0.3334788513775708,11.501302083333334,2.545833192616612
2026-07-26 07:56:30+00:00,46.3477220881022,0.0,0.3395421032207993,11.501302083333334,2.457572633960729
2026-07-26 07:56:45+00:00,45.65783626770118,0.0,0.3335031167382182,11.54296875,2.974746436641696
2026-07-26 07:57:00+00:00,45.42288691116181,0.0,0.3395668097698222,11.584635416666666,3.63611500745808
2026-07-26 07:57:15+00:00,46.49344509700529,0.0,0.3333515161433047,11.584635416666666,3.940384615384615
2026-07-26 07:57:30+00:00,48.13114612774416,0.0,0.3272905794861538,11.584635416666666,3.9105496333814345
2026-07-26 07:57:45+00:00,47.83747507510253,0.0,0.3272786777941417,11.66796875,3.639280874270447
2026-07-26 07:58:00+00:00,46.582545798353365,0.0,0.3333393940495888,11.709635416666668,3.899445822448638
2026-07-26 07:58:15+00:00,45.50954916325439,0.0043945222753087,0.3575695869171035,11.91796875,5.541808217691895
2026-07-26 07:58:30+00:00,48.87196763092913,0.0052084142891018,0.3454543250768843,12.084635416666666,5.640018165347345
2026-07-26 07:58:45+00:00,51.41783344022865,0.0049507986348016,0.3393823695967797,12.084635416666666,5.554923096179534
2026-07-26 07:59:00+00:00,53.21709987491393,0.0047832385328605,0.3333271626506364,12.084635416666666,5.140142299722801
2026-07-26 07:59:15+00:00,50.19971835734899,0.0,0.3272727272727273,12.084635416666666,2.3954882897724508
2026-07-26 07:59:30+00:00,46.25442281214722,0.0,0.3333333333333334,12.084635416666666,1.95000127752498
2026-07-26 07:59:45+00:00,45.63613356235004,0.0,0.3393939393939394,12.084635416666666,2.46621906623215
2026-07-26 08:00:00+00:00,45.60047141352984,0.0,0.3333333333333334,12.084635416666666,2.8390850164217856
2026-07-26 08:00:15+00:00,46.10969918913343,0.0,0.3333393940495888,12.084635416666666,3.2978056742573756
2026-07-26 08:00:30+00:00,46.81905692933184,0.0,0.3333272728374635,12.126302083333334,3.628930575329292
2026-07-26 08:00:45+00:00,46.036488927897864,0.0,0.3393939393939394,12.209635416666666,4.274573351256617
2026-07-26 08:01:00+00:00,46.39976367133806,0.0,0.3333212125619674,12.209635416666666,4.240315876556607
2026-07-26 08:01:15+00:00,47.85464728900353,0.0,0.3333333333333334,12.209635416666666,4.184480344441727
2026-07-26 08:01:30+00:00,49.65301031771245,0.0,0.3333272728374635,12.209635416666666,3.667874887507903
2026-07-26 08:01:45+00:00,49.45531176340297,0.0,0.3272727272727273,12.209635416666666,2.8783641395313646
2026-07-26 08:02:00+00:00,49.71010287497256,0.0,0.3272905794861538,12.209635416666666,1.9859618417148757
2026-07-26 08:02:15+00:00,50.891440340237594,0.0,0.3333334435281744,12.209635416666666,1.1646333521853502
2026-07-26 08:02:30+00:00,44.65375510709211,0.0,0.2848382373092758,12.209635416666666,0.800340875999976
2026-07-26 08:02:45+00:00,32.127816906376395,0.0,0.193936418810919,12.209635416666666,0.5909269442654567
2026-07-26 08:03:00+00:00,18.908799674716654,0.0,0.096967933916353,12.209635416666666,0.3649992772727271
2026-07-26 08:03:15+00:00,3.0000079353989317,0.0,0.006060716255447,12.209635416666666,0.0012916543186673
2026-07-26 08:03:30+00:00,1.472700496679162,0.0,0.0,12.209635416666666,0.0024875068747456
2026-07-26 08:03:45+00:00,1.5090905788429751,0.0,0.0,12.209635416666666,0.0016166548484866
2026-07-26 08:04:00+00:00,1.4909269424733342,0.0,0.0,12.209635416666666,0.0019000236367933
2026-07-26 08:04:15+00:00,1.509127604309572,0.0,0.0,12.022135416666666,0.0018500109094876
2026-07-26 08:04:30+00:00,1.490927273057857,0.0,0.0,12.022135416666666,0.0018999881818181
2026-07-26 08:04:45+00:00,1.5091090912396754,0.0,0.0,12.022135416666666,0.0024250022727685
2026-07-26 08:05:00+00:00,1.4908998361773071,0.0,0.0,12.022135416666666,0.0019749881821652
2026-07-26 08:05:15+00:00,1.5091094221608057,0.0,0.0,12.022135416666666,0.0024250395461735
2026-07-26 08:05:30+00:00,1.490882315510063,0.0,0.0,12.022135416666666,0.0019909106911461
2026-07-26 08:05:45+00:00,1.5091180173463827,0.0,0.0,12.022135416666666,0.0022833145448154
2026-07-26 08:06:00+00:00,1.490890250259893,0.0,0.0,12.022135416666666,0.0019916784721878
2026-07-26 08:06:15+00:00,1.5090905788429751,0.0,0.0,12.022135416666666,0.0019875001136174
2026-07-26 08:06:30+00:00,1.4908462853790392,0.0,0.0,12.022135416666666,0.0017181832906639
2026-07-26 08:06:45+00:00,1.4908909094214815,0.0,0.0,12.022135416666666,0.0016899998000014
2026-07-26 08:07:00+00:00,1.4908823148609802,0.0,0.0,12.022135416666666,0.0019800033090766
2026-07-26 08:07:15+00:00,1.4909183476003036,0.0,0.0,12.022135416666666,0.0016333375756804
2026-07-26 08:07:30+00:00,1.5090545467768115,0.0,0.0,12.022135416666666,0.0022833371716706
2026-07-26 08:07:45+00:00,1.4909180166912126,0.0,0.0,12.022135416666666,0.0022999960605583
2026-07-26 08:08:00+00:00,1.5091090912396754,0.0,0.0,12.022135416666666,0.0016166667676773
2026-07-26 08:08:15+00:00,1.4908909094214815,0.0,0.0,12.022135416666666,0.0018166661616176
2026-07-26 08:08:30+00:00,1.509090909090909,0.0,0.0,12.022135416666666,0.001475
2026-07-26 08:08:45+00:00,1.4908905791855502,0.0,0.0,12.022135416666666,0.0014833294950425
2026-07-26 08:09:00+00:00,1.5090727276032998,0.0,0.0,12.022135416666666,0.0013700017817987
2026-07-26 08:09:15+00:00,1.490872398371064,0.0,0.0,12.022135416666666,0.0009737499352345
2026-07-26 08:09:30+00:00,1.5090816530608533,0.0,0.0,12.022135416666666,0.0009981015757927
2026-07-26 08:09:45+00:00,1.4909269424733342,0.0,0.0,12.022135416666666,0.0009987178010869
2026-07-26 08:10:00+00:00,1.509007944815861,0.0,0.0,12.022135416666666,0.0015699832008477
2026-07-26 08:10:15+00:00,1.4909183476003036,0.0,0.0,12.022135416666666,0.0014750122725041
2026-07-26 08:10:30+00:00,1.5091004963666448,0.0,0.0,12.022135416666666,0.0019249854542809
2026-07-26 08:10:45+00:00,1.4909183472757357,0.0,0.0,12.022135416666666,0.0019500063636363
2026-07-26 08:11:00+00:00,1.50909983520962,0.0,0.0,12.022135416666666,0.0009981018857667
2026-07-26 08:11:15+00:00,1.4908466195211518,0.0,0.0,12.022135416666666,0.0014750429490792
2026-07-26 08:11:30+00:00,1.5089167147623708,0.0,0.0,12.022135416666666,0.0013083377267934
2026-07-26 08:11:45+00:00,1.4907464653199538,0.0,0.0,12.022135416666666,0.0012250140887358
2026-07-26 08:12:00+00:00,1.508871436881908,0.0,0.0,12.022135416666666,0.0019499999999999
2026-07-26 08:12:15+00:00,1.4908459531959657,0.0,0.0,12.022135416666666,0.0019500122720578
2026-07-26 08:12:30+00:00,1.5090178548878674,0.0,0.0,12.022135416666666,0.0018500136356198
2026-07-26 08:12:45+00:00,1.4908909094214815,0.0,0.0,12.022135416666666,0.0009860761790783
2026-07-26 08:13:00+00:00,1.509090909090909,0.0,0.0,12.022135416666666,0.0009615853658536
2026-07-26 08:13:15+00:00,1.490909421818182,0.0,0.0,12.022135416666666,0.0009499999999999
2026-07-26 08:13:30+00:00,1.5090634719098148,0.0,0.0,12.022135416666666,0.0009615855790629
2026-07-26 08:13:45+00:00,1.4908909094214815,0.0,0.0,12.022135416666666,0.0011800010545377
2026-07-26 08:14:00+00:00,1.5090909094274982,0.0,0.0,12.022135416666666,0.0013699986545562
2026-07-26 08:14:15+00:00,1.4727272727272729,0.0,0.0,12.022135416666666,0.0014916666666666
2026-07-26 08:14:30+00:00,1.5091090912396754,0.0,0.0,12.022135416666666,0.0013699991636333
2026-07-26 08:14:45+00:00,1.472736199158548,0.0,0.0,12.022135416666666,0.0009993508066801
2026-07-26 08:15:00+00:00,1.5272727276093163,0.0,0.0,12.022135416666666,0.001200004545438
2026-07-26 08:15:15+00:00,1.472718349217074,0.0,0.0,12.022135416666666,0.0009993500201027
2026-07-26 08:15:30+00:00,1.5272912400060166,0.0,0.0,12.022135416666666,0.0009974998488627
2026-07-26 08:15:45+00:00,1.472771902611656,0.0,0.0,12.022135416666666,0.0009865384615384
2026-07-26 08:16:00+00:00,1.5273375235222952,0.0,0.0,12.022135416666666,0.0016999995454318
2026-07-26 08:16:15+00:00,1.4727897600190436,0.0,0.0,12.022135416666666,0.0019875210815577
2026-07-26 08:16:30+00:00,1.5272264481321427,0.0,0.0,12.022135416666666,0.0021999963638016
2026-07-26 08:16:45+00:00,1.472682646737688,0.0,0.0,12.022135416666666,0.0019833313130333
2026-07-26 08:17:00+00:00,1.5272264477955904,0.0,0.0,12.022135416666666,0.0015999975758016
2026-07-26 08:17:15+00:00,1.472745124291516,0.0,0.0,12.022135416666666,0.0009993504920336
2026-07-26 08:17:30+00:00,1.527254215212616,0.0,0.0,12.022135416666666,0.0012666686868564
2026-07-26 08:17:45+00:00,1.472700496679162,0.0,0.0,12.022135416666666,0.001316658383962
2026-07-26 08:18:00+00:00,1.5272264477955904,0.0,0.0,12.022135416666666,0.0018999963637024
2026-07-26 08:18:15+00:00,1.472718347269719,0.0,0.0,12.022135416666666,0.0019900011999869
2026-07-26 08:18:30+00:00,1.5272542155491866,0.0,0.0,12.022135416666666,0.001559996509167
2026-07-26 08:18:45+00:00,1.4727272730518408,0.0,0.0,12.022135416666666,0.0017374885226084
2026-07-26 08:19:00+00:00,1.5272912400060166,0.0,0.0,12.022135416666666,0.0012000063636363
2026-07-26 08:19:15+00:00,1.4727629761803451,0.0,0.0,12.022135416666666,0.0009993508066715
2026-07-26 08:19:30+00:00,1.5272727276093163,0.0,0.0,12.022135416666666,0.0011599969454249
2026-07-26 08:19:45+00:00,1.472682646737688,0.0,0.0,12.022135416666666,0.0013900023636105
2026-07-26 08:20:00+00:00,1.527254215212616,0.0,0.0,12.022135416666666,0.001559999709094
2026-07-26 08:20:15+00:00,1.472754051047377,0.0,0.0,12.022135416666666,0.0013166606060606
2026-07-26 08:20:30+00:00,1.5272819843125685,0.0,0.0,12.022135416666666,0.0012000154543388
2026-07-26 08:20:45+00:00,1.472682646088605,0.0,0.0,12.022135416666666,0.0009993505706945
2026-07-26 08:21:00+00:00,1.5272171921021054,0.0,0.0,12.022135416666666,0.0015428571428571
2026-07-26 08:21:15+00:00,1.4727272730518408,0.0,0.0,12.022135416666666,0.0016187491334879
2026-07-26 08:21:30+00:00,1.5090909094274982,0.0,0.0,12.022135416666666,0.001650002727291
2026-07-26 08:21:45+00:00,1.4727272769465505,0.0,0.0,12.022135416666666,0.0016318133133961
2026-07-26 08:22:00+00:00,1.5089990156446706,0.0,0.0,12.022135416666666,0.0018722132442357
2026-07-26 08:22:15+00:00,1.472700496679162,0.0,0.0,12.022135416666666,0.0018949957909638
2026-07-26 08:22:30+00:00,1.5090443128273068,0.0,0.0,12.022135416666666,0.0019812375584684
2026-07-26 08:22:45+00:00,1.4908991757174466,0.0,0.0,12.022135416666666,0.0017000098696839
2026-07-26 08:23:00+00:00,1.4908909094214815,0.0,0.0,12.022135416666666,0.0017375003977254
2026-07-26 08:23:15+00:00,1.4908819842884782,0.0,0.0,12.022135416666666,0.0018428593321136
2026-07-26 08:23:30+00:00,1.4909097533884306,0.0,0.0,12.022135416666666,0.0018166724244591
2026-07-26 08:23:45+00:00,1.5090198480218944,0.0,0.0,12.022135416666666,0.001835691227271
2026-07-26 08:24:00+00:00,1.490974894326046,0.0,0.0,12.022135416666666,0.0015571740463396
2026-07-26 08:24:15+00:00,1.509081983633355,0.0,0.0,12.022135416666666,0.0016499978788093
2026-07-26 08:24:30+00:00,1.4909269424733342,0.0,0.0,12.022135416666666,0.0016899984727161
2026-07-26 08:24:45+00:00,1.5090641340284705,0.0,0.0,12.022135416666666,0.0017611008980009
2026-07-26 08:25:00+00:00,1.490872728270443,0.0,0.0,12.022135416666666,0.0019874985511791
2026-07-26 08:25:15+00:00,1.5091084313809933,0.0,0.0,12.022135416666666,0.0019750043185268
2026-07-26 08:25:30+00:00,1.4908998348790352,0.0,0.0,12.022135416666666,0.0013000042423728
2026-07-26 08:25:45+00:00,1.5091004967032522,0.0,0.0,12.022135416666666,0.0009856252132047
2026-07-26 08:26:00+00:00,1.4908998361773074,0.0,0.0,12.022135416666666,0.0009617289005353
2026-07-26 08:26:15+00:00,1.5092201939000405,0.0,0.0,12.022135416666666,0.0009615871334847
2026-07-26 08:26:30+00:00,1.491252310834415,0.0,0.0,12.022135416666666,0.0009860759549036
2026-07-26 08:26:45+00:00,1.5094850670666953,0.0,0.0,12.022135416666666,0.0012833043346468
2026-07-26 08:27:00+00:00,1.4914339044564913,0.0,0.0,12.022135416666666,0.0009987180850518
2026-07-26 08:27:15+00:00,1.5092558861328085,0.0,0.0,12.022135416666666,0.0009856252159367
2026-07-26 08:27:30+00:00,1.491089939398642,0.0,0.0,12.022135416666666,0.0009860757196281
2026-07-26 08:27:45+00:00,1.5091001661307502,0.0,0.0,12.022135416666666,0.0009615850807141
2026-07-26 08:28:00+00:00,1.4909094224673003,0.0,0.0,12.022135416666666,0.0009617286083013
2026-07-26 08:28:15+00:00,1.5091094218241985,0.0,0.0,12.022135416666666,0.0009615854352121
2026-07-26 08:28:30+00:00,1.4908274434676816,0.0,0.0,12.022135416666666,0.0009737502266964
2026-07-26 08:28:45+00:00,1.509090909090909,0.0,0.0,12.022135416666666,0.000985625
2026-07-26 08:29:00+00:00,1.4909176864432787,0.0,0.0,12.022135416666666,0.0009860755065503
2026-07-26 08:29:15+00:00,1.5091180173463827,0.0,0.0,12.022135416666666,0.0009856252321107
2026-07-26 08:29:30+00:00,1.4909454555432309,0.0,0.0,12.022135416666666,0.0009737502914861
2026-07-26 08:29:45+00:00,1.5090634715732445,0.0,0.0,12.022135416666666,0.000985625
2026-07-26 08:30:00+00:00,1.4908727285949932,0.0,0.0,12.022135416666666,0.0012249947727747
2026-07-26 08:30:15+00:00,6.636516038148938,0.0,0.0363649587257718,12.022135416666666,0.1955365876667651
2026-07-26 08:30:30+00:00,23.528128295574387,0.0,0.1272773555402014,12.022135416666666,0.292142857142857
2026-07-26 08:30:45+00:00,37.16487412460268,0.0,0.2181818181818181,11.96484375,0.4869187130222341
2026-07-26 08:31:00+00:00,50.30895339093008,0.0,0.3090909090909091,11.96484375,0.6227443636279782
2026-07-26 08:31:15+00:00,52.23501425394316,0.0,0.3333212125619674,11.96484375,0.7840744427176422
2026-07-26 08:31:30+00:00,49.59871342581399,0.0,0.3393877687072356,11.96484375,1.185717192701483
2026-07-26 08:31:45+00:00,48.69089325148506,0.0,0.339399669549713,11.96484375,1.6805238165554366
2026-07-26 08:32:00+00:00,48.07373027085859,0.0,0.3394002205038841,11.96484375,2.3455427992161004
2026-07-26 08:32:15+00:00,48.10970976797016,0.0,0.3454606061748079,11.96484375,2.784899227172849
2026-07-26 08:32:30+00:00,48.691040002380205,0.0,0.3393939393939393,11.96484375,3.130819543961932
2026-07-26 08:32:45+00:00,49.81779967636952,0.0,0.3393938292031053,11.96484375,3.175331499285607
2026-07-26 08:33:00+00:00,50.43583339807044,0.0,0.3393878788980696,11.96484375,2.952907458075904
2026-07-26 08:33:15+00:00,50.59946645598179,0.0,0.3333333333333333,11.96484375,2.4908182360942304
2026-07-26 08:33:30+00:00,48.54519339792603,0.0,0.3333333333333333,11.96484375,2.320567411918159
2026-07-26 08:33:45+00:00,48.21805454776855,0.0,0.3393939393939393,12.006510416666666,2.8089578357734046
2026-07-26 08:34:00+00:00,46.6541874445258,0.0,0.3454545454545454,12.048177083333334,3.4978013568202506
2026-07-26 08:34:15+00:00,47.58269591128153,0.0,0.3394001103050358,12.048177083333334,3.793182741351857
2026-07-26 08:34:30+00:00,47.65504695126688,0.0,0.3272727272727272,12.048177083333334,3.9266778946473817
2026-07-26 08:34:45+00:00,48.03586149673312,0.0,0.3272667769676915,12.048177083333334,3.665934631093545
2026-07-26 08:35:00+00:00,47.2213130651836,0.0,0.333393950415227,12.048177083333334,3.735219506306722
2026-07-26 08:35:15+00:00,46.090307783915414,0.006311489915519,0.3393877687072356,12.131510416666666,4.907319234652013
2026-07-26 08:35:30+00:00,47.7631428188909,0.0087551653918569,0.3393877687072356,12.21484375,5.519017425583265
2026-07-26 08:35:45+00:00,51.18195901082499,0.0081706411733361,0.3333334435281743,12.21484375,5.44078812786597
2026-07-26 08:36:00+00:00,52.98155538216069,0.0078931133412262,0.3333333333373404,12.21484375,5.17528029664638
2026-07-26 08:36:15+00:00,53.89034711765571,0.0013495172016332,0.3393878788980696,12.21484375,3.490313313782988
2026-07-26 08:36:30+00:00,49.79962083334022,0.0,0.3333273830282975,12.21484375,1.7802427636363625
2026-07-26 08:36:45+00:00,47.799259517595544,0.0,0.3454482645770076,12.21484375,2.3533486925960627
2026-07-26 08:37:00+00:00,47.58219041999111,0.0,0.3333393940495888,12.21484375,2.8578635974025968
2026-07-26 08:37:15+00:00,47.72714611800446,0.0,0.3333333333333333,12.21484375,3.2770636503891115
2026-07-26 08:37:30+00:00,47.745830420057224,0.0,0.3333393940495888,12.256510416666666,3.4912930061983456
2026-07-26 08:37:45+00:00,48.36326413899912,0.0,0.3333333333333333,12.256510416666666,3.716055701344149
2026-07-26 08:38:00+00:00,48.54545454545455,0.0,0.3333333333333333,12.256510416666666,3.856741573033709
2026-07-26 08:38:15+00:00,49.05452201247075,0.0,0.3272727272727272,12.256510416666666,3.703164964972821
2026-07-26 08:38:30+00:00,49.78118978240024,0.0,0.3272727272727272,12.256510416666666,3.466184953714314
2026-07-26 08:38:45+00:00,50.909873072072386,0.0,0.3272786777941417,12.256510416666666,2.9554473177317724
2026-07-26 08:39:00+00:00,51.18260893999726,0.0,0.3333393940495888,12.256510416666666,2.296476824009323
2026-07-26 08:39:15+00:00,52.05371540246291,0.0,0.3333333333333333,12.256510416666666,1.4127513588616685
2026-07-26 08:39:30+00:00,50.3641738940708,0.0,0.2969696969696969,12.256510416666666,0.7980500283003962
2026-07-26 08:39:45+00:00,37.00029851782429,0.0,0.206060606060606,12.256510416666666,0.6080756601168971
2026-07-26 08:40:00+00:00,23.254481323480068,0.0,0.1151515151515151,12.256510416666666,0.4364396611521663
2026-07-26 08:40:15+00:00,8.399692576011306,0.0,0.0242419834790882,12.256510416666666,0.1809486426132242
2026-07-26 08:40:30+00:00,1.5090816530608533,0.0,0.0,12.256510416666666,0.0013083291919442
2026-07-26 08:40:45+00:00,1.490881983963928,0.0,0.0,12.256510416666666,0.0014142857142857
2026-07-26 08:41:00+00:00,1.5091090912396754,0.0,0.0,12.256510416666666,0.0014812472869009
2026-07-26 08:41:15+00:00,1.4909451249466863,0.0,0.0,12.256510416666666,0.001487498096526
2026-07-26 08:41:30+00:00,1.509118347942927,0.0,0.0,12.256510416666666,0.0014071397772732
2026-07-26 08:41:45+00:00,1.4909262832878118,0.0,0.0,12.212239583333334,0.0011799786173669
2026-07-26 08:42:00+00:00,1.5091639705907205,0.0,0.0,12.212239583333334,0.0009981011163648
2026-07-26 08:42:15+00:00,1.4909540510533936,0.0,0.0,12.212239583333334,0.0009860757279519
2026-07-26 08:42:30+00:00,1.5091828172989812,0.0,0.0,12.212239583333334,0.0011700037821207
2026-07-26 08:42:45+00:00,1.4909001654515373,0.0,0.0,12.212239583333334,0.0009860759465995
2026-07-26 08:43:00+00:00,1.5091186792006837,0.0,0.0,12.212239583333334,0.0013700093821252
2026-07-26 08:43:15+00:00,1.4909361991645649,0.0,0.0,12.212239583333334,0.0012250080683434
2026-07-26 08:43:30+00:00,1.5091001654575538,0.0,0.0,12.212239583333334,0.001212508920495
2026-07-26 08:43:45+00:00,1.4909087606611569,0.0,0.0,12.212239583333334,0.0009987177272656
2026-07-26 08:44:00+00:00,1.50909124,0.0,0.0,12.212239583333334,0.0012125069317882
2026-07-26 08:44:15+00:00,1.490927273057857,0.0,0.0,12.212239583333334,0.0012249990909008
2026-07-26 08:44:30+00:00,1.509081983633355,0.0,0.0,12.212239583333334,0.0016416674999924
2026-07-26 08:44:45+00:00,1.4909183472757357,0.0,0.0,12.212239583333334,0.0015571426716121
2026-07-26 08:45:00+00:00,1.5090813228129194,0.0,0.0,12.212239583333334,0.0014749981818071
2026-07-26 08:45:15+00:00,1.490927273057857,0.0,0.0,12.212239583333334,0.001557144063086
2026-07-26 08:45:30+00:00,1.5090819839699443,0.0,0.0,12.212239583333334,0.0013700062545681
2026-07-26 08:45:45+00:00,1.4909001654515373,0.0,0.0,12.212239583333334,0.001225006136252
2026-07-26 08:46:00+00:00,1.509081983633355,0.0,0.0,12.212239583333334,0.0009981011053027
2026-07-26 08:46:15+00:00,1.4909180166912126,0.0,0.0,12.212239583333334,0.0009987176420978
2026-07-26 08:46:30+00:00,1.5090816530608533,0.0,0.0,12.212239583333334,0.000998101116373
2026-07-26 08:46:45+00:00,1.4908909094214815,0.0,0.0,12.212239583333334,0.0011800010545377
2026-07-26 08:47:00+00:00,1.5090905788429751,0.0,0.0,12.212239583333334,0.0011700031999711
2026-07-26 08:47:15+00:00,1.4909269424733342,0.0,0.0,12.212239583333334,0.0011799991272663
2026-07-26 08:47:30+00:00,1.5090816530608533,0.0,0.0,12.212239583333334,0.0014071418738506
2026-07-26 08:47:45+00:00,1.4909090909090907,0.0,0.0,12.212239583333334,0.0013166666666666
2026-07-26 08:48:00+00:00,1.509081983633355,0.0,0.0,12.212239583333334,0.0014071417439818
2026-07-26 08:48:15+00:00,1.4727272740255448,0.0,0.0,12.212239583333334,0.0014937453975738
2026-07-26 08:48:30+00:00,1.509109423170628,0.0,0.0,12.212239583333334,0.0014071355840903
2026-07-26 08:48:45+00:00,1.4727540513719806,0.0,0.0,12.212239583333334,0.0015642902410418
2026-07-26 08:49:00+00:00,1.5272634719158311,0.0,0.0,12.212239583333334,0.0015428619664128
2026-07-26 08:49:15+00:00,1.4727361985093943,0.0,0.0,12.212239583333334,0.0014916656565534
2026-07-26 08:49:30+00:00,1.5272912413524462,0.0,0.006060495869772,12.212239583333334,0.0015999927268925
2026-07-26 08:49:45+00:00,1.4727272730518408,0.0,0.006060606060606,12.212239583333334,0.0011899970545168
2026-07-26 08:50:00+00:00,1.5272634712426716,0.0,0.006060495869772,12.212239583333334,0.0013999989610497
2026-07-26 08:50:15+00:00,1.4727361988339625,0.0,0.006060495869772,12.212239583333334,0.0018249939394306
2026-07-26 08:50:30+00:00,1.527476391577195,0.0,0.0,9.50390625,0.0028999863616277
2026-07-26 08:50:45+00:00,1.4728790240076544,0.0,0.0,9.50390625,0.0029875015342373
2026-07-26 08:51:00+00:00,1.5272727276093163,0.0,0.0,9.50390625,0.004399992727471
2026-07-26 08:51:15+00:00,1.472548782073973,0.0,0.0,9.50390625,0.0024875007385524
2026-07-26 08:51:30+00:00,1.5271338972549593,0.0,0.0060601653213099,9.50390625,0.0025599995636765
2026-07-26 08:51:45+00:00,1.4727719091039364,0.0,0.006060495869772,9.50390625,0.00265
2026-07-26 08:52:00+00:00,1.5274208412577162,0.0,0.0060612672897649,9.50390625,0.0025600069823767
2026-07-26 08:52:15+00:00,1.4728700969270836,0.0,0.0060612672897649,9.50390625,0.0054750245472398
2026-07-26 08:52:30+00:00,1.5273004967092687,0.0,0.0,9.50390625,0.0054000236365454
2026-07-26 08:52:45+00:00,1.4726290991848343,0.0,0.0,9.50390625,0.0026499672733223
2026-07-26 08:53:00+00:00,1.5271894263678414,0.0,0.0,9.50390625,0.0027999781827437
2026-07-26 08:53:15+00:00,1.472718347269719,0.0,0.0,9.50390625,0.002237506136252
2026-07-26 08:53:30+00:00,1.5091454568475904,0.0,0.0,9.50390625,0.0026928556771706
2026-07-26 08:53:45+00:00,1.472789755474295,0.0,0.0,9.50390625,0.0026583262116583
2026-07-26 08:54:00+00:00,1.4908727285949932,0.0,0.0,9.50390625,0.0024750015908946
2026-07-26 08:54:15+00:00,1.490845953845013,0.0,0.0,9.50390625,0.0019833371211184
2026-07-26 08:54:30+00:00,1.4908366978390328,0.0,0.0,9.50390625,0.0015571393507768
2026-07-26 08:54:45+00:00,1.509136862359327,0.0,0.0,9.50390625,0.0016062427409617
2026-07-26 08:55:00+00:00,1.4908819842884782,0.0,0.0,9.50390625,0.0016900022544603
2026-07-26 08:55:15+00:00,1.5090542158797593,0.0,0.0,9.50390625,0.0017611099888083
2026-07-26 08:55:30+00:00,1.4908998348790352,0.0,0.0,9.50390625,0.0028999890911074
2026-07-26 08:55:45+00:00,1.509099834873031,0.0,0.0,9.50390625,0.0029249968181239
2026-07-26 08:56:00+00:00,1.4909451249466863,0.0,0.0,9.50390625,0.0024499968180661
2026-07-26 08:56:15+00:00,1.509099834873031,0.0,0.0,9.50390625,0.0019785681446868
2026-07-26 08:56:30+00:00,1.490719362990165,0.0,0.0,9.50390625,0.0015571428571428
2026-07-26 08:56:45+00:00,1.5089173754386882,0.0,0.0,9.50390625,0.0017312512356466
2026-07-26 08:57:00+00:00,1.4904391565452129,0.0,0.0,9.50390625,0.002299998182402
2026-07-26 08:57:15+00:00,1.508807326138679,0.0,0.0,9.50390625,0.0038500045446282
2026-07-26 08:57:30+00:00,1.4905386045931084,0.0,0.0,9.50390625,0.0038999936378674
2026-07-26 08:57:45+00:00,1.508999344510536,0.0,0.0,9.50390625,0.0029500021210707
2026-07-26 08:58:00+00:00,1.4907828207233342,0.0,0.0,9.50390625,0.0029500054541487
2026-07-26 08:58:15+00:00,1.5091094218241985,0.0,0.0,9.50390625,0.0019625010795601
2026-07-26 08:58:30+00:00,1.4908909094214815,0.0,0.0,9.50390625,0.001579998145468
2026-07-26 08:58:45+00:00,1.509119010109775,0.0,0.0,9.50390625,0.0016416707072457
2026-07-26 08:59:00+00:00,1.4909001654515373,0.0,0.0,9.50390625,0.0009987180225321
2026-07-26 08:59:15+00:00,1.5090909094274982,0.0,0.0,9.50390625,0.0014749968181818
2026-07-26 08:59:30+00:00,1.4908823148609802,0.0,0.0,9.50390625,0.0014749995454008
2026-07-26 08:59:45+00:00,1.5091094221608057,0.0,0.0,9.50390625,0.001978574879478
2026-07-26 09:00:00+00:00,1.4908912399939835,0.0,0.0,9.50390625,0.0019875014488537
2026-07-26 09:00:15+00:00,1.5091094218241985,0.0,0.0,9.50390625,0.0024249979545268
2026-07-26 09:00:30+00:00,1.49092694279792,0.0,0.0,9.50390625,0.0018777738046174
2026-07-26 09:00:45+00:00,1.5090816530608533,0.0,0.0,9.50390625,0.0018357140445294
2026-07-26 09:01:00+00:00,1.472700496679162,0.0,0.0,9.50390625,0.0015642849165429
2026-07-26 09:01:15+00:00,1.5090191816729144,0.0,0.0,9.5625,0.0017312540334468
2026-07-26 09:01:30+00:00,1.472682646737688,0.0,0.0,9.5625,0.0024750193179483
2026-07-26 09:01:45+00:00,1.5091190128027807,0.0,0.0,9.5625,0.0024250095458016
2026-07-26 09:02:00+00:00,1.4727094224612838,0.0,0.0,9.5625,0.0019900061090679
2026-07-26 09:02:15+00:00,1.5272727282825127,0.0,0.0,9.5625,0.0017000122730062
2026-07-26 09:02:30+00:00,1.472745124291516,0.0,0.0,9.5625,0.0009865382315747
2026-07-26 09:02:45+00:00,1.527254215212616,0.0,0.0,9.5625,0.0009731710194131
2026-07-26 09:03:00+00:00,1.4727094218121657,0.0,0.0,9.5625,0.0009740504834607
2026-07-26 09:03:15+00:00,1.5272727272727271,0.0,0.0,9.5625,0.0013999999999999
2026-07-26 09:03:30+00:00,1.4727629778033444,0.0,0.0,9.5625,0.0017375213644132
2026-07-26 09:03:45+00:00,1.5272727276093163,0.0,0.0,9.5625,0.0017999963635592
2026-07-26 09:04:00+00:00,1.4727094218121657,0.0,0.0,9.5625,0.0013900031636133
2026-07-26 09:04:15+00:00,1.5272634719158311,0.0,0.0,9.5625,0.0011599898182558
2026-07-26 09:04:30+00:00,1.4726737248498512,0.0,0.0,9.671875,0.0009993525370103
2026-07-26 09:04:45+00:00,1.5273097547590238,0.0,0.0,9.59765625,0.0009974996977127
2026-07-26 09:05:00+00:00,1.4727272727272729,0.0,0.0,9.59765625,0.0009865384615384
2026-07-26 09:05:15+00:00,1.5273375252054977,0.0,0.0,9.59765625,0.0009851843005611
2026-07-26 09:05:30+00:00,1.472718347269719,0.0,0.0,9.59765625,0.000986538691498
2026-07-26 09:05:45+00:00,1.5271801710109087,0.0,0.0,9.59765625,0.0009851854063119
2026-07-26 09:06:00+00:00,1.4726737219291817,0.0,0.0,9.783854166666666,0.0009993501774282
2026-07-26 09:06:15+00:00,1.5273004973825015,0.0,0.0,9.783854166666666,0.0019000163645289
2026-07-26 09:06:30+00:00,1.4727361985093943,0.0,0.0,9.783854166666666,0.0009993505706916
2026-07-26 09:06:45+00:00,1.5272727276093163,0.0,0.0,9.783854166666666,0.0009975002267059
2026-07-26 09:07:00+00:00,1.4727540523457907,0.0,0.0,9.783854166666666,0.00095
2026-07-26 09:07:15+00:00,1.945464463675454,0.0,0.0121212121212121,9.967447916666666,0.2415623295305781
2026-07-26 09:07:30+00:00,18.908978516483696,0.0,0.0969696969696969,10.208333333333332,0.2413050197384125
2026-07-26 09:07:45+00:00,33.418053915989084,0.0,0.1878787878787878,10.208333333333332,0.4179422109736169
2026-07-26 09:08:00+00:00,46.30943603933295,0.0,0.2787878787878787,10.208333333333332,0.5939876976312743
2026-07-26 09:08:15+00:00,54.16222681793408,0.0,0.3333272728374635,10.208333333333332,0.7239217819765232
2026-07-26 09:08:30+00:00,49.65439806241053,0.0,0.3333333333333333,10.208333333333332,1.0016085904584684
2026-07-26 09:08:45+00:00,48.50871769273616,0.0,0.3333333333333333,10.208333333333332,1.47692589655213
2026-07-26 09:09:00+00:00,47.962266158730344,0.0,0.3333272728374635,10.208333333333332,2.1227853886121317
2026-07-26 09:09:15+00:00,48.14608199955568,0.0,0.3333333333333333,10.25,2.632040221161678
2026-07-26 09:09:30+00:00,48.34457555317176,0.0,0.3393877687072356,10.303385416666666,2.9655940594059382
2026-07-26 09:09:45+00:00,49.58181885691961,0.0,0.3394000001101948,10.303385416666666,3.072827982715084
2026-07-26 09:10:00+00:00,49.9452029847332,0.0,0.3393940495887804,10.303385416666666,2.9414984332305174
2026-07-26 09:10:15+00:00,51.02019249232653,0.0,0.3394005511084437,10.303385416666666,2.4372965344133357
2026-07-26 09:10:30+00:00,49.74558811561838,0.0,0.3454484849626826,10.303385416666666,2.258582599229076
2026-07-26 09:10:45+00:00,48.1077104567138,0.0,0.3454420941146844,10.303385416666666,2.469063497766913
2026-07-26 09:11:00+00:00,46.834420584170054,0.0,0.3393814880620917,10.38671875,3.160322796056728
2026-07-26 09:11:15+00:00,46.58109323632132,0.0,0.3393877687072356,10.38671875,3.9801264229590463
2026-07-26 09:11:30+00:00,47.924286470947855,0.0,0.333315152506833,10.38671875,4.0796954965775205
2026-07-26 09:11:45+00:00,49.28871814553004,0.0,0.3272667769676915,10.38671875,4.035915403534801
2026-07-26 09:12:00+00:00,48.33792283035476,0.0,0.3332787968029474,10.38671875,3.726993067675004
2026-07-26 09:12:15+00:00,45.15906691231274,0.0024154398445476,0.3332969736634791,10.38671875,4.356511068163761
2026-07-26 09:12:30+00:00,45.84721511945708,0.0072439009367752,0.3393014026477627,10.4375,5.755386768574448
2026-07-26 09:12:45+00:00,48.93889147923383,0.0070795197543308,0.3332848555361644,10.4375,5.77448099011732
2026-07-26 09:13:00+00:00,50.57416813370796,0.0068316196039112,0.3332848555361644,10.4375,5.7050946496549
2026-07-26 09:13:15+00:00,52.52183064882399,0.0020769136485403,0.3271953901805028,10.4375,4.614125598816572
2026-07-26 09:13:30+00:00,48.67857827063001,0.0,0.3394253473080755,10.4375,2.1650524086235774
2026-07-26 09:13:45+00:00,45.131968099190665,0.0,0.3394310784457245,10.479166666666666,2.203766813535781
2026-07-26 09:14:00+00:00,45.20082250703628,0.0,0.3333334435281743,10.479166666666666,2.610547451448239
2026-07-26 09:14:15+00:00,45.34287487260848,0.0,0.3454298640419443,10.479166666666666,2.936078371849357
2026-07-26 09:14:30+00:00,45.6294572106589,0.0,0.3393508594653706,10.479166666666666,3.2852757843632343
2026-07-26 09:14:45+00:00,45.72476380036583,0.0,0.3393755381897779,10.520833333333334,3.502083673620198
2026-07-26 09:15:00+00:00,46.870528040848136,0.0,0.333315152506833,10.520833333333334,3.700707266489012
2026-07-26 09:15:15+00:00,47.926163008834365,0.0,0.3272667769676915,10.520833333333334,3.611769525129082
2026-07-26 09:15:30+00:00,49.12574783811517,0.0,0.3272667769676915,10.520833333333334,3.435477539301731
2026-07-26 09:15:45+00:00,50.490131598520385,0.0,0.3333333333333333,10.520833333333334,3.156400767244828
2026-07-26 09:16:00+00:00,50.29154712406333,0.0,0.3333393940495888,10.520833333333334,2.5412347367208956
2026-07-26 09:16:15+00:00,50.83661951383329,0.0,0.3333333333333333,10.520833333333334,1.7816290629436653
2026-07-26 09:16:30+00:00,52.50744382998771,0.0,0.3272786777941417,10.520833333333334,0.9045918709706436
2026-07-26 09:16:45+00:00,40.09050347844915,0.0,0.2363593389211105,10.520833333333334,0.7041031506105829
2026-07-26 09:17:00+00:00,26.654060835257543,0.0,0.1454519008745295,10.520833333333334,0.5456923076923076
2026-07-26 09:17:15+00:00,12.635890610912782,0.0,0.0545454545454545,10.520833333333334,0.2770855013666496
2026-07-26 09:17:30+00:00,1.5272634712426716,0.0,0.0,10.520833333333334,0.0029600013090718
2026-07-26 09:17:45+00:00,1.4727004963546118,0.0,0.0,10.520833333333334,0.0033166666666666
2026-07-26 09:18:00+00:00,1.5273004967092687,0.0,0.006060606060606,10.520833333333334,0.0018428560482098
2026-07-26 09:18:15+00:00,1.472718347594287,0.0,0.006060716255447,10.520833333333334,0.0016187536079709
2026-07-26 09:18:30+00:00,1.527254215212616,0.0,0.006060495869772,10.520833333333334,0.0018500020454452
2026-07-26 09:18:45+00:00,1.4727094218121657,0.0,0.006060495869772,10.520833333333334,0.0018249999999999
2026-07-26 09:19:00+00:00,1.5090727276032998,0.0,0.0,10.520833333333334,0.0018562500710222
2026-07-26 09:19:15+00:00,1.472718347269719,0.0,0.0,10.447916666666668,0.0017071422449059
2026-07-26 09:19:30+00:00,1.5090816530608533,0.0,0.0,10.447916666666668,0.0019785698144963
2026-07-26 09:19:45+00:00,1.4909090909090907,0.0,0.0,10.447916666666668,0.0021799999999999
2026-07-26 09:20:00+00:00,1.5091001654575538,0.0,0.0,10.447916666666668,0.0023083374747725
2026-07-26 09:20:15+00:00,1.4909451255958754,0.0,0.0,10.447916666666668,0.0021799861447678
2026-07-26 09:20:30+00:00,1.5090634715732445,0.0,0.0,10.447916666666668,0.0014625
2026-07-26 09:20:45+00:00,1.4908902496107392,0.0,0.0,10.447916666666668,0.0009617287609935
2026-07-26 09:21:00+00:00,1.5090542158797593,0.0,0.0,10.447916666666668,0.0009734567190444
2026-07-26 09:21:15+00:00,1.490909091233659,0.0,0.0,10.447916666666668,0.0012999896969513
2026-07-26 09:21:30+00:00,1.5090909094274982,0.0,0.0,10.447916666666668,0.0014624954545743
2026-07-26 09:21:45+00:00,1.4909001654515373,0.0,0.0,10.447916666666668,0.0009987177897336
2026-07-26 09:22:00+00:00,1.5090909094274982,0.0,0.0,10.447916666666668,0.0016928545454565
2026-07-26 09:22:15+00:00,1.4909180166912126,0.0,0.0,10.447916666666668,0.0019833324242341
2026-07-26 09:22:30+00:00,1.5090727276032998,0.0,0.0,10.447916666666668,0.0019749989394003
2026-07-26 09:22:45+00:00,1.4909001654515373,0.0,0.0,10.447916666666668,0.0019666685858353
2026-07-26 09:23:00+00:00,1.5090816530608533,0.0,0.0,10.447916666666668,0.0022833314141646
2026-07-26 09:23:15+00:00,1.4908998348790352,0.0,0.0,10.447916666666668,0.0013000042423728
2026-07-26 09:23:30+00:00,1.5091001654575538,0.0,0.0,10.447916666666668,0.0016416687121398
2026-07-26 09:23:45+00:00,1.4909001654515373,0.0,0.0,10.447916666666668,0.0013166666161622
2026-07-26 09:24:00+00:00,1.5091004967032522,0.0,0.0,10.447916666666668,0.0011700067998805
2026-07-26 09:24:15+00:00,1.4908998348790352,0.0,0.0,10.447916666666668,0.0009860761818445
2026-07-26 09:24:30+00:00,1.490935539955107,0.0,0.0,10.447916666666668,0.00095
2026-07-26 09:24:45+00:00,1.4909004963606285,0.0,0.0,10.447916666666668,0.0009617286793881
2026-07-26 09:25:00+00:00,1.4909001654515373,0.0,0.0,10.447916666666668,0.0009617282502685
2026-07-26 09:25:15+00:00,1.490918678521434,0.0,0.0,10.447916666666668,0.0009617287504745
2026-07-26 09:25:30+00:00,1.4908909094214815,0.0,0.0,10.447916666666668,0.00095
2026-07-26 09:25:45+00:00,1.5090638024702965,0.0,0.0,10.447916666666668,0.00095
2026-07-26 09:26:00+00:00,1.4908998348790352,0.0,0.0,10.447916666666668,0.00095
2026-07-26 09:26:15+00:00,1.5090909094274982,0.0,0.0,10.447916666666668,0.0009499999999999
2026-07-26 09:26:30+00:00,1.4908099240626502,0.0,0.0,10.447916666666668,0.00095
2026-07-26 09:26:45+00:00,1.5090178548878674,0.0,0.0,10.447916666666668,0.0009615855071326
2026-07-26 09:27:00+00:00,1.4906469883434552,0.0,0.0,10.447916666666668,0.0009617285398321
2026-07-26 09:27:15+00:00,1.5089262989492056,0.0,0.0,10.447916666666668,0.0009615853658536
2026-07-26 09:27:30+00:00,1.4906922632679982,0.0,0.0,10.447916666666668,0.0009860754955434
2026-07-26 09:27:45+00:00,1.5090723973673683,0.0,0.0,10.447916666666668,0.0009856245573972
2026-07-26 09:28:00+00:00,1.490872729568644,0.0,0.0,10.447916666666668,0.0014499886361859
2026-07-26 09:28:15+00:00,1.5090264498089427,0.0,0.0,10.447916666666668,0.0009981008977498
2026-07-26 09:28:30+00:00,1.4909001654515373,0.0,0.0,10.447916666666668,0.0009987180225321
2026-07-26 09:28:45+00:00,1.509081983633355,0.0,0.0,10.447916666666668,0.0014249927272727
2026-07-26 09:29:00+00:00,1.4909907486043563,0.0,0.0,10.447916666666668,0.0009860761680252
2026-07-26 09:29:15+00:00,1.50918248500712,0.0,0.0,10.447916666666668,0.0013699949087206
2026-07-26 09:29:30+00:00,1.490872728270443,0.0,0.0,10.447916666666668,0.0012249947728698
2026-07-26 09:29:45+00:00,1.5089444771315703,0.0,0.0,10.447916666666668,0.001462501477125
2026-07-26 09:30:00+00:00,1.490827773355077,0.0,0.0060601653213099,10.447916666666668,0.0019799999272341
2026-07-26 09:30:15+00:00,1.50909983520962,0.0,0.006060716255447,10.447916666666668,0.0017699978909014
2026-07-26 09:30:30+00:00,1.4909001654515373,0.0,0.006060495869772,10.447916666666668,0.0019799975636718
2026-07-26 09:30:45+00:00,1.5090542158797593,0.0,0.0060603856829448,10.447916666666668,0.0016166630304352
2026-07-26 09:31:00+00:00,1.4908641340224538,0.0,0.0,10.447916666666668,0.0014500045453719
2026-07-26 09:31:15+00:00,1.5090723973673683,0.0,0.0,10.447916666666668,0.0017125101133605
2026-07-26 09:31:30+00:00,1.4908909094214815,0.0,0.0,10.447916666666668,0.001779995890924
2026-07-26 09:31:45+00:00,1.5090357048293417,0.0,0.0,10.447916666666668,0.0018357200368695
2026-07-26 09:32:00+00:00,1.4909183476003036,0.0,0.0,10.447916666666668,0.001612499090909
2026-07-26 09:32:15+00:00,1.509090909090909,0.0,0.0,10.447916666666668,0.0013083333333333
2026-07-26 09:32:30+00:00,1.4908909094214815,0.0,0.0,10.447916666666668,0.001779995890924
2026-07-26 09:32:45+00:00,1.5090449605228264,0.0,0.0,10.447916666666668,0.0017124893185702
2026-07-26 09:33:00+00:00,1.4909183472757357,0.0,0.0,10.447916666666668,0.0026333331313106
2026-07-26 09:33:15+00:00,1.5091368610128242,0.0,0.0,10.447916666666668,0.0022833371718102
2026-07-26 09:33:30+00:00,1.4727361985093943,0.0,0.0,10.447916666666668,0.0014750106819152
2026-07-26 09:33:45+00:00,1.50904562163177,0.0,0.0,10.447916666666668,0.0018499709096198
2026-07-26 09:34:00+00:00,1.4727094218121657,0.0,0.0,10.447916666666668,0.0019499945455537
2026-07-26 09:34:15+00:00,1.509164633142409,0.0,0.0,10.447916666666668,0.0019624878974599
2026-07-26 09:34:30+00:00,1.4726826506319728,0.0,0.0,10.447916666666668,0.0014874917615906
2026-07-26 09:34:45+00:00,1.527207937418259,0.0,0.0,10.447916666666668,0.0019714295360659
2026-07-26 09:35:00+00:00,1.4726647964716637,0.0,0.0,10.447916666666668,0.0018499953248331
2026-07-26 09:35:15+00:00,1.5272634715792608,0.0,0.0,10.447916666666668,0.0017600061091575
2026-07-26 09:35:30+00:00,1.4727005002490736,0.0,0.0,10.447916666666668,0.0014916634849641
2026-07-26 09:35:45+00:00,1.5272634715792608,0.0,0.0,10.447916666666668,0.0011999963635702
2026-07-26 09:36:00+00:00,1.47269157673868,0.0,0.0,10.447916666666668,0.0009993495482095
2026-07-26 09:36:15+00:00,1.527217193111744,0.0,0.0,10.447916666666668,0.0011999836371074
2026-07-26 09:36:30+00:00,1.472718347269719,0.0,0.0,10.447916666666668,0.0013166646464891
2026-07-26 09:36:45+00:00,1.5090819839699443,0.0,0.0,10.447916666666668,0.0014249745449917
2026-07-26 09:37:00+00:00,1.472718347269719,0.0,0.0,10.447916666666668,0.0017900041453942
2026-07-26 09:37:15+00:00,1.5091001661307502,0.0,0.0,10.447916666666668,0.0016416656816191
2026-07-26 09:37:30+00:00,1.4909537217672844,0.0,0.0,10.447916666666668,0.0016124996307885
2026-07-26 09:37:45+00:00,1.5089990173272485,0.0,0.0,10.447916666666668,0.0013083209604116
2026-07-26 09:38:00+00:00,1.4908998352036034,0.0,0.0,10.447916666666668,0.0017250043181425
2026-07-26 09:38:15+00:00,1.5090545467768115,0.0,0.0,10.447916666666668,0.0022833371716706
2026-07-26 09:38:30+00:00,1.490935209394519,0.0,0.0,10.447916666666668,0.0027800029453986
2026-07-26 09:38:45+00:00,1.5091643011992872,0.0,0.0,10.447916666666668,0.0027125015909669
2026-07-26 09:39:00+00:00,1.4908462853790392,0.0,0.0,10.447916666666668,0.0019800042179824
2026-07-26 09:39:15+00:00,1.5089719103222985,0.0,0.0,10.447916666666668,0.0017124992046105
2026-07-26 09:39:30+00:00,1.4908185183346785,0.0,0.0,10.447916666666668,0.0009987178010949
2026-07-26 09:39:45+00:00,1.5090727276032998,0.0,0.0,10.447916666666668,0.0013083332828285
2026-07-26 09:40:00+00:00,1.4908912399939835,0.0,0.0,10.447916666666668,0.001380000799997
2026-07-26 09:40:15+00:00,1.5090909094274982,0.0,0.0,10.447916666666668,0.001692860538012
2026-07-26 09:40:30+00:00,1.4908638031374395,0.0,0.0,10.447916666666668,0.0016499980303507
2026-07-26 09:40:45+00:00,1.5090730588369412,0.0,0.0,10.447916666666668,0.0014624906250147
2026-07-26 09:41:00+00:00,1.4908185180101634,0.0,0.0,10.447916666666668,0.0015799984001047
2026-07-26 09:41:15+00:00,1.5091180173463827,0.0,0.0,10.447916666666668,0.002950018182292
2026-07-26 09:41:30+00:00,1.4908363679516374,0.0,0.0060601653213099,10.447916666666668,0.0058999200016858
2026-07-26 09:41:45+00:00,1.4908730588309247,0.0,0.006060495869772,10.447916666666668,0.0069000063634049
2026-07-26 09:42:00+00:00,1.4907646422044718,0.0,0.0060600551465018,10.447916666666668,0.0039000063629422
2026-07-26 09:42:15+00:00,1.4908188485466063,0.0,0.0,10.447916666666668,0.0029666687877245
2026-07-26 09:42:30+00:00,1.5089722408467223,0.0,0.0,10.447916666666668,0.0038500063630578
2026-07-26 09:42:45+00:00,1.4909090909090907,0.0,0.0,10.447916666666668,0.0038999999999999
2026-07-26 09:43:00+00:00,1.5090360350532708,0.0,0.0,10.447916666666668,0.0038499999999999
2026-07-26 09:43:15+00:00,1.490909421818182,0.0,0.0,10.447916666666668,0.0044499945453718
2026-07-26 09:43:30+00:00,1.5091186792006837,0.0,0.0,10.447916666666668,0.0029249911361218
2026-07-26 09:43:45+00:00,1.4909276039789876,0.0,0.0,10.447916666666668,0.0036333284846721
2026-07-26 09:44:00+00:00,1.5090538856438278,0.0,0.0,10.447916666666668,0.0032833169696969
2026-07-26 09:44:15+00:00,1.4908998348790352,0.0,0.0,10.447916666666668,0.0018428569573303
2026-07-26 09:44:30+00:00,12.817828440552612,0.0,0.0606049586977206,10.447916666666668,0.1975237409891784
2026-07-26 09:44:45+00:00,29.05432002172128,0.0,0.1515179063861767,10.447916666666668,0.3308097946068829
2026-07-26 09:45:00+00:00,42.98358222818712,0.0,0.2424330581718123,10.447916666666668,0.516628592394054
2026-07-26 09:45:15+00:00,55.638386850430926,0.0,0.3333454549862419,10.447916666666668,0.6447619047619044
2026-07-26 09:45:30+00:00,50.45415670128312,0.0,0.3333272728374635,10.447916666666668,0.9169307947214071
2026-07-26 09:45:45+00:00,46.2155356906356,0.0,0.339375317828143,10.447916666666668,1.4132726682728345
2026-07-26 09:46:00+00:00,42.03418490808105,0.0,0.3393755381897779,10.447916666666668,2.2626648121087416
2026-07-26 09:46:15+00:00,41.50952199130894,0.0,0.3515153719048335,10.447916666666668,2.7811107578917755
2026-07-26 09:46:30+00:00,40.81795043275703,0.0,0.3454483747758555,10.447916666666668,3.093242820733305
2026-07-26 09:46:45+00:00,43.363776569895734,0.0,0.3393878788980696,10.447916666666668,3.306489357835329
2026-07-26 09:47:00+00:00,45.689726315298685,0.0,0.3333212125619674,10.447916666666668,3.2103744896945914
2026-07-26 09:47:15+00:00,47.10872628762122,0.0,0.3333272728374635,10.447916666666668,2.8130186427656834
2026-07-26 09:47:30+00:00,47.164862184439905,0.0,0.3333393940495888,10.447916666666668,2.320093074685782
2026-07-26 09:47:45+00:00,45.63872971135149,0.0,0.3333515161433047,10.447916666666668,2.4033034863360374
2026-07-26 09:48:00+00:00,44.727620171606425,0.0,0.3333393940495888,10.447916666666668,2.9368487985445335
2026-07-26 09:48:15+00:00,44.14362388461811,0.0,0.3393817084317395,10.447916666666668,3.7200049255216903
2026-07-26 09:48:30+00:00,46.12463122759729,0.0,0.3514958688283914,10.447916666666668,3.9889901418339617
2026-07-26 09:48:45+00:00,46.85467372134038,0.0,0.3454546556493864,10.447916666666668,3.9571853343375905
2026-07-26 09:49:00+00:00,47.27139775441892,0.0,0.3515087604628069,10.447916666666668,3.69842347940611
2026-07-26 09:49:15+00:00,41.926074748368386,0.0013009438988472,0.3393876585204084,10.447916666666668,4.447010411280484
2026-07-26 09:49:30+00:00,40.89005985399801,0.0088927025852993,0.3393877687072356,10.489583333333334,5.985787112470307
2026-07-26 09:49:45+00:00,45.87237025442513,0.0130797688602567,0.3333272728374635,10.572916666666668,6.119576867321867
2026-07-26 09:50:00+00:00,51.19985520924413,0.0117185700751572,0.3272727272727272,10.572916666666668,5.957666926473029
2026-07-26 09:50:15+00:00,55.05385325685843,0.0062749618078267,0.3272727272727272,10.572916666666668,5.2075279368384075
2026-07-26 09:50:30+00:00,53.96235375877224,0.0,0.3272667769676915,10.572916666666668,2.36857011954716
2026-07-26 09:50:45+00:00,48.89052595737929,0.0,0.3393939393939393,10.572916666666668,1.9463407483500292
2026-07-26 09:51:00+00:00,47.49041488501862,0.0,0.3393938292031053,10.572916666666668,2.3200061775736316
2026-07-26 09:51:15+00:00,46.70921454770251,0.0,0.3393940495887804,10.572916666666668,2.8055272115087413
2026-07-26 09:51:30+00:00,45.98706522200427,0.0,0.3385199424516097,10.572916666666668,3.264991776108877
2026-07-26 09:51:45+00:00,40.417446955509895,0.0004498425551057,0.3212062810979194,10.572916666666668,3.9297413793103426
2026-07-26 09:52:00+00:00,38.99958217833134,0.0004661969845261,0.3333215431344697,10.572916666666668,4.33803760778714
2026-07-26 09:52:15+00:00,36.487449547747616,0.0004982942856974,0.3332677816853361,10.572916666666668,4.666314080757565
2026-07-26 09:52:30+00:00,39.08036434416845,0.0,0.3273269512021317,10.572916666666668,4.308305748187493
2026-07-26 09:52:45+00:00,40.602518175956206,0.0,0.3272964204499116,10.572916666666668,3.966039786804122
2026-07-26 09:53:00+00:00,40.563832734966255,0.0,0.3272784574084667,10.572916666666668,3.0586496006622914
2026-07-26 09:53:15+00:00,43.66967261223412,0.0,0.3333092028508623,10.572916666666668,2.332636614357241
2026-07-26 09:53:30+00:00,43.65103069976298,0.0,0.333309092672048,10.572916666666668,1.399727418719511
2026-07-26 09:53:45+00:00,37.19952662386761,0.0,0.2666618182699709,10.572916666666668,0.8615543151289622
2026-07-26 09:54:00+00:00,25.85407538044763,0.0,0.1757543802233898,10.572916666666668,0.6584285714285714
2026-07-26 09:54:15+00:00,13.63631008507286,0.0,0.0848469421768089,10.572916666666668,0.4896149734234964
2026-07-26 09:54:30+00:00,2.363695208583089,0.0,0.0,10.572916666666668,0.0031249936363636
2026-07-26 09:54:45+00:00,1.5091457871195315,0.0,0.0,10.572916666666668,0.0028357142857142
2026-07-26 09:55:00+00:00,1.4909818221730455,0.0,0.0,10.572916666666668,0.0028625000568215
2026-07-26 09:55:15+00:00,1.509099834873031,0.0,0.0,10.524739583333332,0.0028850002000021
2026-07-26 09:55:30+00:00,1.4908638031374395,0.0,0.0,10.524739583333332,0.0028428540445912
2026-07-26 09:55:45+00:00,1.509026779696338,0.0,0.0,10.524739583333332,0.0024625018180826
2026-07-26 09:56:00+00:00,1.4908909094214815,0.0,0.0,10.470052083333334,0.0029666645454545
2026-07-26 09:56:15+00:00,1.5091362001443382,0.0,0.0,10.470052083333334,0.0039250118188264
2026-07-26 09:56:30+00:00,1.4909814912278343,0.0,0.0,10.470052083333334,0.0039499940906942
2026-07-26 09:56:45+00:00,1.5091368610128244,0.0,0.0,10.412760416666666,0.0036166604038885
2026-07-26 09:57:00+00:00,1.4911259819610123,0.0,0.0,10.412760416666666,0.00395
2026-07-26 09:57:15+00:00,1.5092462971016058,0.0,0.0,10.412760416666666,0.0039250127284298
2026-07-26 09:57:30+00:00,1.472896879142783,0.0,0.0,10.412760416666666,0.0036500060613407
2026-07-26 09:57:45+00:00,1.4908641336979214,0.0,0.0,10.412760416666666,0.0033000018181377
2026-07-26 09:58:00+00:00,1.472682646088605,0.0,0.0,10.412760416666666,0.0029874984659439
2026-07-26 09:58:15+00:00,1.4908998348790352,0.0,0.0,10.412760416666666,0.0036333357575316
2026-07-26 09:58:30+00:00,1.4909269424733342,0.0,0.0,10.412760416666666,0.0036333313131068
2026-07-26 09:58:45+00:00,1.509099834873031,0.0,0.0,10.412760416666666,0.0034250111364648
2026-07-26 09:59:00+00:00,1.4909001654515373,0.0,0.0,10.412760416666666,0.0036333332323244
2026-07-26 09:59:15+00:00,1.5090727276032998,0.0,0.0,10.412760416666666,0.0028083302525439
2026-07-26 09:59:30+00:00,1.4909087606611569,0.0,0.0,10.412760416666666,0.0039499822726198
2026-07-26 09:59:45+00:00,1.5091176874110488,0.0,0.0,10.412760416666666,0.0038499809080495
2026-07-26 10:00:00+00:00,1.4909368610188654,0.0,0.0,10.412760416666666,0.003899978180628
2026-07-26 10:00:15+00:00,1.5090727276032998,0.0,0.0,10.412760416666666,0.0034250054545454
2026-07-26 10:00:30+00:00,1.4908548780044364,0.0,0.0,10.412760416666666,0.0028428571428571
2026-07-26 10:00:45+00:00,1.5090816530608533,0.0,0.006060606060606,10.412760416666666,0.0028083345454325
2026-07-26 10:01:00+00:00,1.4908912399939835,0.0,0.006060606060606,10.412760416666666,0.00297500738633
2026-07-26 10:01:15+00:00,1.5090909094274982,0.0,0.006060606060606,10.412760416666666,0.0026166606059467
2026-07-26 10:01:30+00:00,1.490909091233659,0.0,0.006060606060606,10.412760416666666,0.0024500140905909
2026-07-26 10:01:45+00:00,1.50909124,0.0,0.0,10.412760416666666,0.0019906249964768
2026-07-26 10:02:00+00:00,1.490909091233659,0.0,0.0,10.412760416666666,0.0022999793937667
2026-07-26 10:02:15+00:00,1.4909183472757357,0.0,0.0,10.412760416666666,0.0019941161811702
2026-07-26 10:02:30+00:00,1.4908459531959657,0.0,0.0,10.412760416666666,0.0034499931820661
2026-07-26 10:02:45+00:00,1.4908998348790352,0.0,0.0,10.412760416666666,0.0036333418180275
2026-07-26 10:03:00+00:00,1.509090909090909,0.0,0.0,10.412760416666666,0.003975
2026-07-26 10:03:15+00:00,1.4909180166912126,0.0,0.006060606060606,10.412760416666666,0.0044500018181983
2026-07-26 10:03:30+00:00,1.50909124,0.0,0.006060716255447,10.412760416666666,0.004424986591002
2026-07-26 10:03:45+00:00,1.4908730588309247,0.0,0.0121209917395441,10.412760416666666,0.0049500027271983
2026-07-26 10:04:00+00:00,1.5090723970307978,0.0,0.0121211019303781,10.412760416666666,0.0042833372727272
2026-07-26 10:04:15+00:00,1.4909090909090907,0.0,0.006060606060606,10.412760416666666,0.0029749999999999
2026-07-26 10:04:30+00:00,1.5090538856438278,0.0,0.0,10.412760416666666,0.0026166670707021
2026-07-26 10:04:45+00:00,1.4908819852621291,0.0,0.0,10.412760416666666,0.0046333422218598
2026-07-26 10:05:00+00:00,1.509081983633355,0.0,0.0,10.412760416666666,0.0049250024999772
2026-07-26 10:05:15+00:00,1.4907481462274284,0.0,0.0,10.412760416666666,0.0068998246070717
2026-07-26 10:05:30+00:00,1.4909451255958754,0.0,0.0,10.412760416666666,0.0078999554510576
2026-07-26 10:05:45+00:00,1.472736199158548,0.0,0.0,10.412760416666666,0.0069833554552451
2026-07-26 10:06:00+00:00,1.4909180166912126,0.0,0.0,10.412760416666666,0.0098999936362479
2026-07-26 10:06:15+00:00,1.4909183472757357,0.0,0.0,10.412760416666666,0.0062999999999999
2026-07-26 10:06:30+00:00,1.5085182528190346,0.0,0.0,10.412760416666666,0.0068492363914039
2026-07-26 10:06:45+00:00,1.4908446343193962,0.0,0.0,10.412760416666666,0.0111250755614649
2026-07-26 10:07:00+00:00,1.5090452907467558,0.0,0.0,10.412760416666666,0.011062508806618
2026-07-26 10:07:15+00:00,1.4928266345416712,0.0,0.0,10.412760416666666,0.011127073095123
2026-07-26 10:07:30+00:00,1.5090634715732445,0.0,0.0,10.412760416666666,0.0069249999999999
2026-07-26 10:07:45+00:00,1.490909091233659,0.0,0.0,10.412760416666666,0.0019833272221678
2026-07-26 10:08:00+00:00,1.5090727276032998,0.0,0.0,10.412760416666666,0.0016928543042745
2026-07-26 10:08:15+00:00,1.490891240318534,0.0,0.0,10.412760416666666,0.0017666652525595
2026-07-26 10:08:30+00:00,1.5090816530608533,0.0,0.0,10.412760416666666,0.0018850021272417
2026-07-26 10:08:45+00:00,1.490927273057857,0.0,0.0,10.412760416666666,0.0019928588682813
2026-07-26 10:09:00+00:00,1.509090909090909,0.0,0.0,10.412760416666666,0.0019884615384615
2026-07-26 10:09:15+00:00,1.4908909094214815,0.0,0.0,10.412760416666666,0.0034499927273388
2026-07-26 10:09:30+00:00,1.5090274414543292,0.0,0.0,10.412760416666666,0.0034249897736507
2026-07-26 10:09:45+00:00,1.4909269424733342,0.0,0.0,10.412760416666666,0.0039499940908553
2026-07-26 10:10:00+00:00,1.509127604309572,0.0,0.0,10.412760416666666,0.0039625028978194
2026-07-26 10:10:15+00:00,1.490926612549986,0.0,0.0,10.412760416666666,0.0033799917451567
2026-07-26 10:10:30+00:00,1.5091004967032522,0.0,0.0,10.412760416666666,0.0034749940149529
2026-07-26 10:10:45+00:00,1.490891240318534,0.0,0.0,10.412760416666666,0.0033800007999825
2026-07-26 10:11:00+00:00,1.490827773355077,0.0,0.0,10.412760416666666,0.0034499909094875
2026-07-26 10:11:15+00:00,1.4909180166912126,0.0,0.0,10.412760416666666,0.0029875015341118
2026-07-26 10:11:30+00:00,1.4908641336979214,0.0,0.0,10.412760416666666,0.0039000127268099
2026-07-26 10:11:45+00:00,1.5090545464402407,0.0,0.0,10.412760416666666,0.0036166604042301
2026-07-26 10:12:00+00:00,1.490828103903539,0.0,0.0,10.412760416666666,0.0029749995454214
2026-07-26 10:12:15+00:00,1.5090267803694244,0.0,0.0,10.412760416666666,0.0031699990546589
2026-07-26 10:12:30+00:00,1.4908459531959657,0.0,0.0,10.412760416666666,0.0024499840914875
2026-07-26 10:12:45+00:00,1.509099834873031,0.0,0.0,10.412760416666666,0.0019812492471471
2026-07-26 10:13:00+00:00,1.4908909094214815,0.0,0.0,10.412760416666666,0.0023000003030266
2026-07-26 10:13:15+00:00,1.5091001654575538,0.0,0.0,10.412760416666666,0.0048499927271404
